{
  "sport": [
  		{
			"title": "College Football",
			"results": {
				"Y2014": "2014UKFB.json"	
			},
			"searchterms": [
				"Opponent",
				"Date",
				"WinorLose",
				"Touch Downs"
			]
		},
		{
  			"title": "Mens College Basketball",
			"results": {
				"Y2014": "2014UKMBB.json"
			},
			"searchterms": [
				"Opponent",
				"Date",
				"WinorLose",
				"Steals",
				"Blocks",
				"Points"

			]
		},
		{
			"title": "Womens College Volleyball",
			"results": {
				"Y2017": "2017UKVB.json",
				"Y2016": "2016UKVB.json"
			},
			"searchterms": [
				"Opponent",
				"Date",
				"WinorLose",
				"Digs",
				"Points"
			]
		},
		{
			"filter": [
				"all",
				"max",
				"min"
			]
		}

	]
}
